{
  "project_info": {
    "project_number": "630699831650",
    "firebase_url": "https://board-d9003.firebaseio.com",
    "project_id": "board-d9003",
    "storage_bucket": "board-d9003.appspot.com"
  },
  "client": [
    {
      "client_info": {
        "mobilesdk_app_id": "1:630699831650:android:c0624ac9924f47e855fc3b",
        "android_client_info": {
          "package_name": "org.techtown.board"
        }
      },
      "oauth_client": [
        {
          "client_id": "630699831650-s2fo57s79ge59op01uaep5jq79v8jhri.apps.googleusercontent.com",
          "client_type": 3
        }
      ],
      "api_key": [
        {
          "current_key": "AIzaSyDDg-EMyV3O2MKjVhiucX54RIG3d3S_k0s"
        }
      ],
      "services": {
        "appinvite_service": {
          "other_platform_oauth_client": [
            {
              "client_id": "630699831650-s2fo57s79ge59op01uaep5jq79v8jhri.apps.googleusercontent.com",
              "client_type": 3
            }
          ]
        }
      }
    },
    {
      "client_info": {
        "mobilesdk_app_id": "1:630699831650:android:4263590f15cb635955fc3b",
        "android_client_info": {
          "package_name": "org.techtown.pdaclubapp"
        }
      },
      "oauth_client": [
        {
          "client_id": "630699831650-s2fo57s79ge59op01uaep5jq79v8jhri.apps.googleusercontent.com",
          "client_type": 3
        }
      ],
      "api_key": [
        {
          "current_key": "AIzaSyDDg-EMyV3O2MKjVhiucX54RIG3d3S_k0s"
        }
      ],
      "services": {
        "appinvite_service": {
          "other_platform_oauth_client": [
            {
              "client_id": "630699831650-s2fo57s79ge59op01uaep5jq79v8jhri.apps.googleusercontent.com",
              "client_type": 3
            }
          ]
        }
      }
    }
  ],
  "configuration_version": "1"
}